menu,cond1,cond2,,,,,
³Ã¸ğ¹Ğ,hot,rain,,,,,
¿Â¸ğ¹Ğ,cold,snow,,,,,
¸¸µÎ±¹,cold,rain,,,,,
°öÃ¢,high_d,dry,,,,,
µ·ºÎ¸®,hot,hum,,,,,
Ä®±¹¼ö,cold,snow,,,,,
ÂÌ¸é,hot,hum,,,,,
±èÄ¡Âî°³,cold,rain,,,,,
¼öÁ¦ºñ,cold,snow,,,,,
º¸½Ó,hot,hum,,,,,
ºÎ´ëÂî°³,cold,dry,,,,,
ÅÁ¼öÀ°,high_d,hum,,,,,
Ä«·¹,high_d,snow,,,,,
¶±ººÀÌ,dry,hum,,,,,
½ºÅ×ÀÌÅ©,hot,hum,,,,,
¼³··ÅÁ,cold,dry,,,,,
ÃÊ¹ä,hum,hot,,,,,
Â«»Í,cold,dry,,,,,
¶óººÀÌ,dry,snow,,,,,
¼ø´ë±¹,cold,rain,,,,,
ÇÇÀÚ,dry,snow,,,,,
¼øµÎºÎÂî°³,cold,rain,,,,,
¿ìµ¿,cold,dry,,,,,
°¥ºñ,high_d,snow,,,,,
¶Ò¹è±âºÒ°í±â,snow,rain,,,,,
»÷µåÀ§Ä¡,hot,hum,,,,,
Âò´ß,rain,dry,,,,,
Â¥Àå¸é,high_d,rain,,,,,
µÈÀåÂî°³,cold,dry,,,,,
»şºê»şºê,cold,rain,,,,,
¶ó¸é,cold,rain,,,,,
Á×,cold,dry,,,,,
ÇÜ¹ö°Å,hot,high_d,,,,,
°¥ºñÅÁ,cold,snow,,,,,
µ·°¡½º,high_d,hum,,,,,
»ï°ã»ì,high_d,hum,,,,,
Á·¹ß,high_d,hum,,,,,
Á¦À°µ¤¹ä,high_d,snow,,,,,
»ı¼±±¸ÀÌ,snow,cold,,,,,
È¸µ¤¹ä,hot,high_d,,,,,
±è¹ä,hot,hum,,,,,
ºñºö¹ä,hot,hum,,,,,
Ä¡Å²,high_d,rain,dry,cold,hot,hum,snow
³Ã¸é,hot,high_d,,,,,
°¥ºñÅÁ,cold,rain,,,,,
¼±Áş±¹,cold,rain,,,,,
»çÄÉµ¿,hot,high_d,,,,,
